game,round,player,emotional_state,action,explanation
ec9eeb73-0d06-4e5c-acc3-a9cdcf98077f,1,Пользователь_1,злой,take,"
поскольку мой оппонент грустный, возможно, он будет выбирать стратегию паса чаще  если я выберу взять, то смогу заработать больше монет "
5039bc22-d039-4080-b1d1-1309c01dbd1d,1,Пользователь_1,злой,take,"

так как я злой, то могу попытаться использовать ситуацию в свою пользу и забрать себе большую стопку монет "
8ebe734f-703c-4653-a2db-5f79b0f4a752,1,Пользователь_1,злой,take,"
это первый раунд, поэтому пока неясно, как будут развиваться события дальше  выбор «взять» позволяет заработать больше монет в текущем раунде и получить преимущество перед оппонентом  но дальнейшие ходы оппонента предсказать сложно, это зависит от его эмоционального состояния и выбранной стратегии игры "
93dc9af6-1e30-4774-98e2-f631bde8e03f,1,Пользователь_1,злой,take,"

из предложенных вариантов действий «взять» большую стопку монет — наиболее выгодная стратегия для первого раунда игры 

эмоциональное состояние игрока («злой») в рамках предоставленных данных не влияет на исход игры и не может быть учтено при выборе хода "
985a18c0-2723-4ee2-9c5d-a3ba4ec4135f,1,Пользователь_1,злой,take,"

выбор обусловлен тем, что сейчас я злой и нацелен на выигрыш  поэтому я беру большую стопку монет, надеясь получить преимущество перед оппонентом "
8d4330fc-1722-4cff-bf76-6dcbd9ccf8fb,1,Пользователь_1,злой,take,"
в этой ситуации, когда текущее эмоциональное состояние — злость и нет информации о ходах оппонента, выбор «взять» может быть более агрессивным ходом, который позволит сразу получить больше монет и потенциально одержать победу в игре "
78174312-0151-40ae-9cd8-81ec933f46a9,1,Пользователь_1,злой,take,"

эмоциональное состояние «злой» может повлиять на выбор стратегии в игре  вероятно, пользователь_1 решил забрать себе бо́льшую стопку монет и завершить раунд с целью получить преимущество перед оппонентом "
b3700974-521c-4f4f-a0b8-a1f12ddba04d,1,Пользователь_1,злой,take,"

в данной ситуации можно предположить, что, поскольку персонаж злой, он захочет выиграть как можно больше монет  а значит, можно выбрать вариант «взять» большую стопку монет, увеличив свой выигрыш и оставив оппонента с меньшим количеством монет "
4a13be80-6b49-4c36-9504-d2faf270426e,1,Пользователь_1,злой,take,"

из предложенных действий выбрать «взять» может быть более выгодно, если предположить, что в дальнейшем оппонент будет выбирать стратегию, направленную на уменьшение количества монет у другого игрока  в этом случае можно попытаться заработать как можно больше в первых раундах игры  однако без дополнительной информации о стратегии оппонента и его предыдущих решениях выбор «взять» или «паснуть» остаётся случайным "
4bd49b98-52ea-41b8-9326-d392fa8fd5e1,1,Пользователь_1,злой,take,"

эмоциональное состояние «злой» может стимулировать желание получить больше монет и одержать победу, поэтому выбор действия «взять» кажется наиболее подходящим для этого состояния  однако для более обоснованного решения необходимо учитывать ходы оппонента и его эмоциональное состояние "
1c594056-3e30-46fb-892d-3d3ae4c295ee,1,Пользователь_1,грустный,pass,"

поскольку это первый раунд, нет информации о предыдущих ходах игроков и нет данных о размере стопок монет, следует выбрать «пас», чтобы получить больше информации и выработать более эффективную стратегию "
1c594056-3e30-46fb-892d-3d3ae4c295ee,2,Пользователь_2,злой,take,"

вы злой и хотите победить  у вас есть возможность увеличить свою стопку монет, поэтому вы решаете взять большую стопку себе  это позволит вам заработать больше по итогам игры "
cb4e75c3-f3cf-4a6c-8d74-5f051e3987f2,1,Пользователь_1,грустный,pass,"

в первом раунде выгоднее удвоить количество монет в каждой стопке, чтобы получить преимущество перед оппонентом в последующих раундах "
cb4e75c3-f3cf-4a6c-8d74-5f051e3987f2,2,Пользователь_2,злой,take,"

если оба игрока продолжат пасовать, то к пятому раунду в каждой стопке будет по 32 монеты  мой оппонент в данный момент грустный и, возможно, не захочет рисковать и забирать себе большую стопку монет  тогда я смогу забрать все монеты себе, выбрав «взять» в пятом раунде  поскольку я злой, стремление победить может перевесить осторожность, и я решу действовать решительно "
71301424-e82d-4800-984e-9f5ffedd710c,1,Пользователь_1,грустный,take,"
грустный человек может быть склонен к риску, чтобы попытаться улучшить своё эмоциональное состояние  в данной ситуации выбор «взять» — это попытка заработать больше монет, которые можно воспринимать как символический выигрыш "
940c4ecc-3ab8-47c0-a2bc-67b27a148cda,1,Пользователь_1,грустный,take,"
поскольку сейчас я грустный, это может подтолкнуть меня к более рискованному выбору, чтобы попытаться улучшить своё положение  в этой ситуации я выбираю взять большую стопку монет и отдать меньшую оппоненту, надеясь увеличить свой выигрыш в последующих раундах "
7609481d-bed6-41ea-be39-c7bcd24b0d08,1,Пользователь_1,грустный,take,"

поскольку в начале игры у меня две стопки монет (4 и 1 монета), а у моего оппонента пока нет монет, я могу забрать себе большую стопку, чтобы получить преимущество на старте  это может помочь мне выиграть больше раундов, особенно если учесть моё текущее эмоциональное состояние — возможно, это повлияет на мои решения в дальнейшем "
43353116-f118-4510-8ae7-e472a0d0d249,1,Пользователь_1,грустный,pass,"

поскольку это первый раунд, и мне не известно эмоциональное состояние оппонента, а также предыдущие ходы игроков, безопаснее будет удвоить количество монет в обеих стопках  это позволит мне собрать больше монет в последующих раундах, особенно если мой соперник выберет «взять» большую стопку в свой ход "
43353116-f118-4510-8ae7-e472a0d0d249,2,Пользователь_2,злой,take,"

исходя из эмоционального состояния и анализа возможных результатов игры, я выбираю взять большую стопку монет, чтобы увеличить свой выигрыш "
53d40021-fff5-43e3-b5c5-0b70faeb76c9,1,Пользователь_1,грустный,take,"

в данной ситуации лучше взять себе большую стопку монет, поскольку после этого у игрока будет больше шансов на победу в последующих раундах "
a2c58f38-85e2-496d-ba97-7b36adc5da74,1,Пользователь_1,грустный,pass,"

так как текущий раунд — первый, решение «паснуть» позволит удвоить количество монет в каждой стопке и получить преимущество перед оппонентом в будущем "
a2c58f38-85e2-496d-ba97-7b36adc5da74,2,Пользователь_2,злой,take,"

исходя из условий игры, эмоций и истории ходов, я выбираю «взять»  это действие позволит мне сохранить и увеличить своё преимущество в условиях, когда соперник играет пассивно  кроме того, выбор «взять» может повлиять на эмоциональное состояние соперника: его печаль может смениться раздражением или даже азартом — это способно привести к более активной игре с его стороны "
bf9c2746-aa13-4cdb-bcd1-37fefd63ed47,1,Пользователь_1,грустный,pass,"

выбор обоснован тем, что в данный момент у игрока две стопки монет: 4 монеты и 1 монета  если выбрать «взять», то оппоненту достанется 4 монеты  при этом неизвестно, какое эмоциональное состояние повлияет на выбор оппонента и сколько монет он захочет взять себе, а сколько оставить  в случае если оппонент выберет «взять» после хода игрока, можно потерять все имеющиеся монеты "
bf9c2746-aa13-4cdb-bcd1-37fefd63ed47,2,Пользователь_2,злой,take,"

в данной ситуации лучше взять большую стопку монет, так как это позволит заработать больше в текущей партии игры  в случае если оппонент тоже выберет это действие, можно будет разделить монеты поровну 

однако, выбор может зависеть от стратегии игры и эмоционального состояния участников  для более точной оценки результата нужно знать эмоциональную составляющую оппонента "
5e02a2ee-3f84-412b-87ca-55f1e480ca99,1,Пользователь_1,грустный,take,"

эмоциональное состояние «грустный» может повлиять на выбор в сторону более решительных действий и желания изменить ситуацию к лучшему, что в данной игре может привести к более выгодному результату "
d52a79cf-d18a-43e6-9b50-237d7c1d21ad,1,Пользователь_1,добрый,take,"

так как я добрый, думаю, что мой оппонент воспользуется возможностью забрать большую стопку монет и оставить мне меньшую  поэтому, чтобы заработать больше в этой игре, я возьму большую стопку себе "
04fc7256-ff92-4a28-829b-cd47524f8042,1,Пользователь_1,добрый,take,"

из-за доброты хочется поделиться с оппонентом, но в то же время это игра на выигрыш, поэтому хочется оставить большую стопку себе  так как доброта не подразумевает явного желания выиграть, а говорит скорее о щедрости, то и эмоции доброты в этой игре будут больше склонять к делению монет поровну  поэтому с большой вероятностью можно сделать выбор в пользу «взять», поскольку это действие предполагает выигрыш большего количества монет "
deebde32-62ff-461a-a57e-78998f7ec2a7,1,Пользователь_1,добрый,take,"

так как у меня доброе эмоциональное состояние, я могу предположить, что мой оппонент выберет агрессивную стратегию и заберёт большую стопку монет себе в следующем раунде  поэтому сейчас лучше взять большую стопку себе "
2b238e02-e001-45a4-9496-1953bf89ed49,1,Пользователь_1,добрый,take,"

это первый раунд, и есть вероятность, что агрессивный оппонент захочет забрать себе большую стопку монет, поэтому оптимально будет взять монеты сейчас "
f6ec2d60-a20b-4687-a8bb-477f77690bbe,1,Пользователь_1,добрый,take,"

в первом раунде выгодно взять большую стопку монет, так как после этого игрок забирает её себе до конца игры и оставляет соперника с меньшей стопкой  в следующих раундах можно действовать по ситуации, но в первом лучше забрать самую выгодную позицию "
c275586d-f82d-44da-9eba-e9a24ff4b412,1,Пользователь_1,добрый,take,"

выбор продиктован текущей эмоцией «добрый»  можно предположить, что игрок с такой эмоцией стремится к тому, чтобы увеличить свой выигрыш, получив больше монет  поэтому на первом ходу разумно выбрать действие «взять», получив 4 монеты и отдав оппоненту 1 монету "
f233dcba-fd6f-4fbb-b825-f4b809502c7f,1,Пользователь_1,добрый,take,"

поскольку сейчас первый раунд, есть смысл забрать бóльшую стопку монет, пока они не удвоились  это позволит заработать больше на начальном этапе игры "
210730b2-0133-4e66-ab5f-d837e8c6ebce,1,Пользователь_1,добрый,take,"

это решение обусловлено добрым эмоциональным состоянием  с одной стороны, можно попытаться увеличить количество монет в стопках, чтобы затем забрать большую  но, с другой стороны, оппонент агрессивен и может воспользоваться этой стратегией для своей выгоды  к тому же нет уверенности в том, что получится собрать больше монет, если удвоить сумму в каждой стопке  поэтому на данный момент самое логичное — забрать себе большую стопку из четырёх монет и отдать оппоненту меньшую "
5bbd3cfa-33c5-45f4-9401-24e8d2d3d31d,1,Пользователь_1,добрый,take,"

исходя из текущего эмоционального состояния игроков и истории ходов, «взять» монеты может быть стратегически выгодным решением в этой ситуации, так как это позволит получить больше монет, чем при «пасе» "
cb121f1c-2a93-4033-b254-135c19e1b2e5,1,Пользователь_1,добрый,take,"

так как я добрый, то постараюсь заработать больше монет для себя и меньше — для оппонента  я возьму себе большую стопку монет, оставив соперника с меньшей "
0ec6609a-98f9-43d8-ab0f-b5d37dbfcf52,1,Пользователь_1,добрый,take,"

так как я добрый, хочу дать оппоненту возможность заработать, поэтому выбираю взять большую стопку монет себе "
6feae668-aba5-4e11-a6b9-016b1b4c1296,1,Пользователь_1,добрый,take,"

добрый игрок может захотеть поделиться монетами и сделать выбор в пользу честной игры, а не жажды наживы  в этом случае в первом раунде игры лучше взять большую стопку монет, чтобы оставить себе преимущество перед вторым раундом "
5a2a990b-14e8-4cb7-a761-bf7563869d49,1,Пользователь_1,добрый,take,"

при наличии выбора между получением четырёх монет и одной монетой с перспективой удвоить это количество, но без гарантий выгоды в будущем, наиболее логичным решением будет забрать четыре монеты сейчас  это более выгодная сделка, чем надежда на то, что в следующем ходе удастся получить восемь монет вместо четырёх "
44709dbc-75d2-4dde-8956-f881af61760e,1,Пользователь_1,добрый,take,"

я выбираю взять большую стопку монет, потому что это действие может принести мне больше выгоды в первом раунде игры  моя цель — заработать как можно больше монет, и я предполагаю, что мой оппонент тоже будет стремиться к этому  если я выберу взять, то увеличу своё преимущество перед оппонентом, а он будет вынужден удвоить меньшую стопку монет "
7b0b8e56-971b-44b9-882b-7f4875b4909b,1,Пользователь_1,добрый,take,"

в начале игры у меня больше монет, и я настроен на выигрыш  поскольку оппонент добрый, он может быть менее склонен к риску, поэтому есть вероятность, что он выберет стратегию накопления монет  я хочу увеличить свой выигрыш и забрать стопку с большим количеством монет "
dbb08de3-6e04-43c5-a16d-85cd95aba51b,1,Пользователь_1,добрый,take,"

поскольку я добрый, то хочу заработать больше монет и увеличить свой выигрыш  поэтому я выбираю взять большую стопку монет себе "
0a800100-1eee-4dae-b66b-0db3a1dea98d,1,Пользователь_1,добрый,take,"

в начале игры у меня 4 монеты, а у оппонента — 1 монета  это даёт мне преимущество перед оппонентом  так как я добрый, я не хочу рисковать и ожидаю, что оппонент тоже выберет наиболее выгодный для меня вариант  поэтому я выбираю взять большую стопку монет "
db016231-1d14-4eee-b387-771bee10f170,1,Пользователь_1,добрый,take,"

в начале игры у меня 4 монеты, а у моего оппонента — 1 монета  в первом раунде выгоднее забрать 4 монеты себе, чем передать стопки с удвоенным количеством монет сопернику "
6b4fcb50-0324-4506-ac55-a6e6fed2af6b,1,Пользователь_1,добрый,take,"

предположу, что это первый раунд игры и количество монет в стопках ещё не увеличилось  так как я добрый, возможно, решу отдать одну из стопок оппоненту, чтобы уравнять шансы на выигрыш  однако для точного ответа необходимо больше вводных данных "
758210cc-90b8-47a5-a6ca-77a7908e69d0,1,Пользователь_1,добрый,take,"

в первом раунде выгоднее взять большую стопку монет и отдать меньшую оппоненту  это позволит в дальнейшем получать бо́льшую часть монет после удвоения стопок "
8b5806e8-e285-4e2d-9a6f-e7ef88130239,1,Пользователь_1,добрый,pass,"

если оба игрока будут пасовать, то количество монет в каждой стопке будет удваиваться с каждым ходом  это может привести к увеличению общей суммы выигрыша  однако выбор также зависит от предполагаемых действий оппонента "
8b5806e8-e285-4e2d-9a6f-e7ef88130239,2,Пользователь_2,добрый,pass,"

так как это второй раунд, то у меня ещё будет шанс забрать большую стопку монет в следующих раундах  если я сейчас выберу «взять», то не узнаю, какое решение примет мой оппонент в дальнейшем "
8b5806e8-e285-4e2d-9a6f-e7ef88130239,3,Пользователь_1,добрый,pass,"

в третьем раунде оба игрока имеют по две стопки монет, в одной из которых четыре монеты, а в другой — одна  так как оппонент выбрал «пас» во втором раунде, то оба игрока передали свои стопки через стол и удвоили количество монет  теперь у каждого игрока по две стопки: в одной восемь монет, а в другой две  сейчас выгоднее выбрать «пас», чтобы увеличить число монет перед финальным раундом, в котором игрок сможет забрать большую стопку себе"
8b5806e8-e285-4e2d-9a6f-e7ef88130239,4,Пользователь_2,добрый,pass,"

в этой ситуации лучше всего передать обе стопки оппоненту, чтобы количество монет в каждой из них удвоилось  это увеличит шансы на победу в последнем раунде "
8b5806e8-e285-4e2d-9a6f-e7ef88130239,5,Пользователь_1,добрый,take,"

исходя из условий игры, на пятом раунде будет оптимально выбрать действие «взять»  это позволит выиграть большую стопку монет  однако стоит учесть, что это всего лишь предположение и исход игры может зависеть от действий второго игрока "
8410978e-f045-485d-b9c3-22e0f8a89d4c,1,Пользователь_1,добрый,pass,"  

так как это первый раунд, выгоднее оставить обе стопки монет в игре  это позволит увеличить количество монет вдвое к следующему раунду и получить больше монет в конце игры "
8410978e-f045-485d-b9c3-22e0f8a89d4c,2,Пользователь_2,добрый,pass,"

в начале игры у игрока 2 находится одна монета, и при передаче её игроку 1 количество монет в его стопке удвоится  это позволит игроку 1 заработать больше монет по итогам игры  учитывая, что текущее эмоциональное состояние обоих игроков доброе, игрок 2 может предположить, что игрок 1 также будет действовать в интересах команды и не станет забирать обе стопки себе на последнем ходу "
8410978e-f045-485d-b9c3-22e0f8a89d4c,3,Пользователь_1,добрый,pass,"

в данной ситуации лучше сохранить текущее положение, чтобы в дальнейшем получить больше монет  игра идёт к завершению, и скоро наступит пора делить монеты из большей стопки, а пока есть возможность удвоить количество монет в стопках, не следует забирать большую стопку себе "
8410978e-f045-485d-b9c3-22e0f8a89d4c,4,Пользователь_2,добрый,take,"

в четвёртом раунде у меня две стопки монет, а у моего оппонента — четыре  если я выберу «пасануть», то дальше у меня будет четыре стопки по две монеты, а у оппонента — восемь стопок по четыре монеты  скорее всего, в следующих раундах оппонент будет забирать мои стопки, и мне будет доставаться всё меньше монет  поэтому лучше сейчас забрать одну из стопок, которая содержит больше монет "
36388c0b-9824-4f5d-bdd2-5b87d99e32e4,1,Пользователь_1,добрый,pass,"

в первом раунде лучше всего «пасануть», чтобы количество монет в стопках увеличилось  это может повлиять на исход игры и увеличить потенциальный выигрыш "
36388c0b-9824-4f5d-bdd2-5b87d99e32e4,2,Пользователь_2,добрый,take,"

в начале второго раунда у меня две стопки монет: одна содержит 4 монеты, другая — 2  у моего оппонента обе стопки содержат по 2 монеты  это выгодно отличается от начальной позиции противника и даёт мне преимущество  поскольку мой соперник добрый, то вряд ли он станет рисковать и пытаться выиграть в этом раунде  скорее всего, он снова выберет пас  следовательно, я могу воспользоваться своим преимуществом и взять большую стопку монет "
678f31ad-7228-468f-a050-39dc13614864,1,Пользователь_1,добрый,pass,"

это первый раунд игры, и пока неизвестно, как будет действовать оппонент в дальнейшем  поскольку оба игрока добрые, возможно, оптимальным решением будет отдать одну стопку монет оппоненту и удвоить количество монет во второй стопке  это позволит в будущем получить больше выгоды от возможного обмена "
678f31ad-7228-468f-a050-39dc13614864,2,Пользователь_2,добрый,pass,"

поскольку это второй раунд, у меня на руках две стопки монет — 8 и 2  если я выберу «взять», то передам оппоненту стопку из восьми монет, а у себя оставлю две монеты  но так как мой оппонент добрый, можно ожидать, что он тоже выберет «пас»  тогда в следующем раунде у нас обоих будет по четыре монеты в каждой стопке, и у меня не будет преимущества  поэтому сейчас лучше передать ход сопернику,"
678f31ad-7228-468f-a050-39dc13614864,3,Пользователь_1,добрый,pass,"

это позволит удвоить количество монет в обеих стопках и продолжить игру, что может привести к большему заработку в следующих раундах "
678f31ad-7228-468f-a050-39dc13614864,4,Пользователь_2,добрый,take,"

в конце игры игрок, который не взял стопку монет в последнем раунде, получит на одну монету меньше  сейчас идёт четвёртый раунд, и если оба игрока снова решат пасовать, то в итоге останется только один ход, после которого определится победитель  в таком случае лучше взять стопку из четырёх монет сейчас, чтобы гарантировать себе выигрыш независимо от хода оппонента "
8e5d8616-d46c-4661-8047-cec62d741dc3,1,Пользователь_1,добрый,pass,"

в первом раунде стоит увеличить количество монет в обеих стопках, чтобы в дальнейшем получить больше выгоды от их разделения "
8e5d8616-d46c-4661-8047-cec62d741dc3,2,Пользователь_2,добрый,take,"

так как в первом раунде пользователь_1 сделал ход «пас», то у вас на руках две стопки монет: одна содержит 4 монеты, а другая — 2  вы можете увеличить количество своих монет, забрав бóльшую стопку себе, или продолжить игру, передав обе стопки оппоненту (тогда в следующем раунде у каждого из вас будет по 6 монет)  поскольку это второй раунд и у вас есть шанс выиграть ещё больше монет, можно сделать вывод,"
5ca9fff5-a476-4a12-add0-9295d1f3714a,1,Пользователь_1,добрый,pass,"

я выбираю «пас», потому что в данный момент я добрый и не хочу забирать стопку монет у соперника, чтобы не создавать конфликтную ситуацию "
5ca9fff5-a476-4a12-add0-9295d1f3714a,2,Пользователь_2,добрый,take,"
я выбираю «взять», так как в начале этого раунда у меня есть преимущество в виде удвоенной стопки монет, и я могу воспользоваться им для увеличения своего выигрыша "
031e06c5-e86e-4845-b396-25959a1c9133,1,Пользователь_1,добрый,pass,"

в этой ситуации лучше передать обе стопки монет сопернику, чтобы в следующем раунде получить возможность взять большую стопку "
031e06c5-e86e-4845-b396-25959a1c9133,2,Пользователь_2,добрый,take,"
в начале второго раунда у меня две стопки монет, а у моего оппонента — четыре  если я сейчас выберу «пас», то в следующем раунде у меня будет уже четыре стопки по одной монете, а у оппонента — восемь  это невыгодная для меня ситуация  моя задача — заработать как можно больше монет, поэтому в этом раунде я выбираю «взять» "
1843b357-52d2-4c7b-bc76-1cc41bb31afe,1,Пользователь_1,добрый,take,"

исходя из правил игры, первый ход — наиболее выгодная стратегия  в дальнейшем выбор будет зависеть от действий соперника "
a2ddc886-97f9-4f39-9847-b2ca096cfec8,1,Пользователь_1,добрый,pass,"  

поскольку это только первый раунд, а у меня доброе настроение, я решаю дать оппоненту шанс заработать, чтобы игра была более справедливой и интересной "
a2ddc886-97f9-4f39-9847-b2ca096cfec8,2,Пользователь_2,добрый,pass,"

в начале второго раунда у меня одна стопка монет, а у оппонента — две: в одной четыре монеты, в другой одна  вероятно, если я выберу «взять», то увеличу своё преимущество перед оппонентом  но оппонент добрый, и это может повлиять на его решение в следующем раунде — возможно, он захочет уравнять количество монет  если мы продолжим обмениваться монетами, то к концу игры можем заработать поровну "
a2ddc886-97f9-4f39-9847-b2ca096cfec8,3,Пользователь_1,добрый,take,"

поскольку это третий раунд, важно принять решение, которое позволит заработать как можно больше монет  в этой ситуации целесообразно «взять» большую стопку монет и оставить сопернику меньшую, чтобы в дальнейшем она удвоилась "
37ea6bf3-6eee-4d97-93cf-bc851864638e,1,Пользователь_1,добрый,take,"

исходя из условий игры и текущего раунда, я предполагаю, что в данный момент выгоднее взять большую стопку монет себе, поскольку на этом этапе удвоение меньшего количества монет не даст значительного преимущества перед удвоенной большей стопкой "
526d43a1-d5c2-4026-972e-5c205504e2e5,1,Пользователь_1,добрый,pass,"

поскольку это первый раунд и оба игрока добрые, а также нет информации о стратегии оппонента, в этом раунде лучше не рисковать и отдать обе стопки монет противнику  если оба игрока будут отдавать по две стопки, то к концу игры у них будет равное количество монет, что позволит сохранить хорошие отношения "
526d43a1-d5c2-4026-972e-5c205504e2e5,2,Пользователь_2,добрый,pass,"

в данной ситуации лучше сохранить текущее положение, чтобы в дальнейшем получить больше монет  поскольку это второй раунд из пяти, а за всю игру количество монет в стопках удваивается лишь единожды, выгоднее дождаться следующего хода противника и забрать обе стопки монет себе "
526d43a1-d5c2-4026-972e-5c205504e2e5,3,Пользователь_1,добрый,pass,"

поскольку это третий раунд из пяти, а по условиям игры игра завершается, если кто-то из игроков «взял» в одном из первых пяти раундов, пока нет необходимости забирать стопку с четырьмя монетами  

выбор позволит сохранить право забрать монеты при следующем ходе и получить возможность оценить следующие ходы оппонента и его стратегию "
526d43a1-d5c2-4026-972e-5c205504e2e5,4,Пользователь_2,добрый,take,"

поскольку это предпоследний раунд, а у вас есть возможность забрать стопку из четырёх монет, решение «взять» кажется более выгодным  оно позволяет выиграть больше монет в этом раунде, не дожидаясь следующего хода и учитывая, что у противника нет преимущества в размере стопки "
49a68ccb-3eb1-4bf1-a855-cba09d1423d7,1,Пользователь_1,добрый,pass,"

в первом раунде выгоднее сохранить все стопки монет и увеличить их количество в два раза, поскольку изначально стопка с четырьмя монетами больше стопки с одной монетой "
49a68ccb-3eb1-4bf1-a855-cba09d1423d7,2,Пользователь_2,добрый,pass,"

в этой ситуации разумно отказаться от действий в текущем раунде, поскольку игра только началась, и у игрока пока нет информации о решениях оппонента  если пользователь_2 выберет «взять», то он может спровоцировать соперника забрать большую стопку монет себе на следующем ходу  в этом случае пользователь_2 потеряет потенциальный доход в будущих раундах "
49a68ccb-3eb1-4bf1-a855-cba09d1423d7,3,Пользователь_1,добрый,take,"

на третьем раунде игры у меня есть возможность забрать стопку из четырёх монет, которые обеспечат мне преимущество в следующих раундах  с учётом того, что осталось сыграть всего два раунда, это может привести к победе "
4b62e9cb-8b6d-43ab-a385-c45c257fbf34,1,Пользователь_1,добрый,take,"

поскольку это первый раунд, важно получить преимущество перед оппонентом  «взять» большую стопку монет — рациональный выбор, который может помочь выиграть в этой ситуации "
ab89ae5c-7718-4b6b-aef8-dc16424e6bd1,1,Пользователь_1,добрый,pass,"

это первый раунд, поэтому лучше не рисковать и передать обе стопки оппоненту, чтобы в дальнейшем получить больше монет "
ab89ae5c-7718-4b6b-aef8-dc16424e6bd1,2,Пользователь_2,добрый,pass,"

это первый ход второго игрока, поэтому можно предположить, что у него пока мало монет  логично в этой ситуации не забирать монеты у оппонента и передать обе стопки дальше, чтобы получить возможность забрать большую стопку монет позднее "
ab89ae5c-7718-4b6b-aef8-dc16424e6bd1,3,Пользователь_1,добрый,take,"
в третьем раунде надо сделать выбор, который позволит заработать как можно больше монет  если оба игрока выберут «пас», то количество монет в стопках удвоится и финальный результат не будет отличаться от текущего  поэтому надо выбрать «взять», чтобы попытаться получить бо́льшую стопку монет и заработать больше денег "
eba4847d-afad-48d0-abd3-5d0a63181c86,1,Пользователь_1,добрый,pass,"

так как оба игрока добрые, вероятно, стоит попробовать сначала узнать стратегию оппонента и постараться понять, насколько он готов к риску и сотрудничеству "
eba4847d-afad-48d0-abd3-5d0a63181c86,2,Пользователь_2,добрый,pass,"

в начале второго раунда у обоих игроков по одной стопке монет, поэтому оптимально в этой ситуации передать ход сопернику "
eba4847d-afad-48d0-abd3-5d0a63181c86,3,Пользователь_1,добрый,take,"

в начале игры перед первым игроком находятся две стопки монет: 4 и 1  если оба игрока дважды пасуют, то на третьем раунде у первого игрока будет 2 стопки по 2 монеты, а у второго — две стопки по одной монете  к этому моменту уже прошло два раунда из пяти, что означает — в игре остался только один раунд  следует взять большую стопку монет, чтобы увеличить свой выигрыш "
d589c8f4-62c3-442a-b032-bc3d9418d164,1,Пользователь_1,добрый,pass,"

в первом раунде лучше выбрать «пас», чтобы увеличить количество монет в стопках и получить больше вариантов для дальнейших действий "
d589c8f4-62c3-442a-b032-bc3d9418d164,2,Пользователь_2,добрый,take,"
поскольку это второй раунд, выгоднее взять стопку из четырёх монет и передать одну монету оппоненту  это позволит в следующих раундах получать больше монет при удвоении стопок "
6796ddf9-1662-4511-b90a-e3aa5ffc340d,1,Пользователь_1,добрый,pass,"

поскольку это первый раунд и оба игрока добрые, я предполагаю, что пользователь_2 тоже выберет «пас», и тогда стопки монет удвоятся  в последующих раундах можно будет принимать решение исходя из размера стопок и действий соперника "
6796ddf9-1662-4511-b90a-e3aa5ffc340d,2,Пользователь_2,добрый,pass,"

поскольку это второй раунд из пяти, нет смысла рисковать и забирать себе стопку монет, которая потенциально может увеличиться в размерах после передачи через стол  если обе стопки будут удвоены, получить одну из них может быть выгоднее, чем забрать большую стопку сейчас "
6796ddf9-1662-4511-b90a-e3aa5ffc340d,3,Пользователь_1,добрый,pass,"

поскольку это третий раунд из пяти, и оба игрока пока только пасовали, стопки монет ещё не увеличились  значит, в них по-прежнему одна и четыре монеты соответственно  для увеличения своего выигрыша стоит дождаться, когда у кого-то из игроков будет большая разница между количеством монет в стопках, чтобы взять именно эту стопку "
6796ddf9-1662-4511-b90a-e3aa5ffc340d,4,Пользователь_2,добрый,take,"

поскольку это предпоследний раунд, нужно взять стопку монет побольше, чтобы увеличить вероятность победы  в данной ситуации лучше рискнуть, несмотря на то что добрый человек обычно склонен к альтруизму и миролюбию "
87a0abb4-63ad-4496-8a76-7a8e7e8736a2,1,Пользователь_1,добрый,take,"

исходя из условия игры, в первом раунде лучше выбрать «взять», чтобы получить преимущество  это позволит заработать больше монет по сравнению с тем, если бы монеты были поделены пополам после первого раунда "
0d1e57b8-988f-407e-9492-2e7ab11ba022,1,Пользователь_1,добрый,take,"

в этой ситуации лучше взять большую стопку монет, потому что это действие в первом раунде игры принесёт больше выгоды, чем пасование  после передачи стопок через стол количество монет в каждой из них удвоится  поэтому после пасования на руках у игрока будет 2 монеты, а у оппонента — 8  если же выбрать «взять», то на руках окажется 5 монет  и если после этого оппонент также выберет «взять» в следующем круге,"
2380b47f-a9db-4c93-a204-b755fe92dfeb,1,Пользователь_1,добрый,take,"

поскольку это первый раунд и в нём можно заработать больше монет, чем во втором, следует попытаться взять большую стопку монет  это соответствует как условиям игры, так и текущему эмоциональному состоянию персонажа — добрый хочет получить преимущество с самого начала "
afc3aea8-eddf-4a32-9366-36d3a1906ca6,1,Пользователь_1,добрый,take,"

поскольку это первый раунд, есть смысл взять большую стопку монет — в дальнейшем она может увеличиться, если оппонент будет передавать её вам на следующих ходах "
9c6c04f0-e5c1-48ee-aab4-269292c5e4cf,1,Пользователь_1,добрый,pass,"

в первом раунде игры стоит «пасануть», так как неизвестно, что выберет противник  это позволит удвоить количество монет и получить преимущество перед вторым игроком "
9c6c04f0-e5c1-48ee-aab4-269292c5e4cf,2,Пользователь_2,злой,take,"

в данной ситуации следует выбрать «взять», чтобы попытаться заработать больше монет, так как это наиболее выгодная стратегия, учитывая эмоциональное состояние игроков («злой» против «доброго»), а также количество раундов, оставшихся до конца игры (2 из 5) "
a69be6ed-6072-41a1-9163-4edf471288ac,1,Пользователь_1,добрый,pass,"

в начале игры у меня две стопки монет: 4 и 1 монета  если я пасую, то количество монет в каждой стопке удваивается  значит, после первого раунда у меня будут стопки 8 и 2 монеты  это может быть выгодно для меня в долгосрочной перспективе, особенно если оппонент будет брать большую стопку и отдавать мне меньшую, а не пасовать  а поскольку текущая эмоция «добрый» может склонить к более альтруистичному"
a69be6ed-6072-41a1-9163-4edf471288ac,2,Пользователь_2,злой,take,"  

это второй раунд игры, а значит, у оппонента уже есть одна стопка монет  если я выберу «пасануть», то в следующем раунде оппонент сможет забрать обе стопки себе, и тогда я проиграю  к тому же, я злой, что может мотивировать меня действовать более решительно "
ef9955a6-985d-4d4d-84c1-e6416820d68a,1,Пользователь_1,добрый,pass,"

поскольку это первый раунд из пяти, то выгоднее подождать и дать возможность оппоненту сделать ход первым  это позволит понять его стратегию игры и, возможно, предугадать его последующие действия "
ef9955a6-985d-4d4d-84c1-e6416820d68a,2,Пользователь_2,злой,take,"  

так как у вас есть возможность получить большую стопку монет, а эмоциональное состояние «злой» может стимулировать к решительным действиям и риску, то в данной ситуации лучше взять стопку из четырёх монет "
9b23c48c-80da-48a9-a419-4753d144908d,1,Пользователь_1,добрый,pass,"  

поскольку это только первый раунд из пяти, имеет смысл сохранить возможность увеличить количество монет в дальнейшем  кроме того, мой оппонент испуганный — возможно, он совершит ошибку, которая позволит мне выиграть "
9b23c48c-80da-48a9-a419-4753d144908d,2,Пользователь_2,испуганный,pass,"

в этой ситуации лучше не рисковать и оставить ход за оппонентом  выбор позволит узнать, сколько монет в стопках, а также понять, какой ход сделает оппонент  это поможет принять наиболее выигрышное решение в дальнейшем "
9b23c48c-80da-48a9-a419-4753d144908d,3,Пользователь_1,добрый,take,"

в начале третьего раунда у меня две стопки монет: 2 и 4  у моего оппонента — 8 и 16 

моя цель — заработать как можно больше монет  поэтому я беру большую стопку, чтобы она не досталась моему оппоненту "
cad46730-b17d-4f6b-9bf0-441800e94f3a,1,Пользователь_1,добрый,pass,"

я — добрый, а мой оппонент — испуганный  скорее всего, это осторожный противник, который будет избегать риска  если я выберу «взять», то могу спровоцировать его на такой же ответ и потерять преимущество  лучше пока не рисковать и передать ход оппоненту "
cad46730-b17d-4f6b-9bf0-441800e94f3a,2,Пользователь_2,испуганный,pass,"

в начале игры у второго игрока только одна стопка монет, поэтому возможности «взять» нет  поскольку оппонент добрый, он может отдать все монеты, и тогда первый игрок станет богаче  можно воспользоваться этим и постараться увеличить своё состояние в следующих раундах "
cad46730-b17d-4f6b-9bf0-441800e94f3a,3,Пользователь_1,добрый,take,"

так как это предпоследний раунд, я выбираю взять большую стопку монет, чтобы заработать максимальное количество монет "
f8f7ef13-166f-4ffa-971c-34dec48e08f5,1,Пользователь_1,добрый,pass,"

поскольку это только первый раунд из пяти, есть вероятность, что в дальнейшем оппонент сможет собрать больше монет и выиграть  испуганный игрок может избегать риска, и тогда у меня будет шанс получить больше монет "
f8f7ef13-166f-4ffa-971c-34dec48e08f5,2,Пользователь_2,испуганный,pass,"

испуганному игроку может быть рискованно забирать стопку монет, если игра приближается к концу  безопаснее передать ход оппоненту "
f8f7ef13-166f-4ffa-971c-34dec48e08f5,3,Пользователь_1,добрый,take,"
в третьем раунде у меня есть шанс получить больше монет, чем у моего оппонента, и завершить игру с большей выгодой для себя "
9213d9f9-b775-4283-b803-1f29e57976de,1,Пользователь_1,добрый,pass,"

поскольку игра только началась, нет информации о предыдущих ходах соперника и текущем количестве монет в стопках, наиболее безопасным будет отдать монеты оппоненту  испуганный игрок может выбрать более осторожную стратегию и оставить большую стопку монет на следующий раунд, что даст преимущество игроку с эмоциональным состоянием «добрый» "
9213d9f9-b775-4283-b803-1f29e57976de,2,Пользователь_2,испуганный,pass,"

в начале игры у меня одна стопка монет, у оппонента — две  я выбираю «пас», чтобы узнать, сколько монет в стопках у соперника и исходя из этого принимать решение о следующем ходе  к тому же, если я выберу «взять», то оппонент сможет забрать обе стопки монет себе "
9213d9f9-b775-4283-b803-1f29e57976de,3,Пользователь_1,добрый,take,"

в начале игры у меня две стопки монет: 4 монеты и 1 монета  у оппонента — 2 монеты  оба игрока уже сделали по одному ходу, и в результате никто не получил преимущества  если я снова выберу «пас», то при любом исходе следующего хода оппонента по завершении игры мне достанется лишь половина стопки из четырёх монет  если же я сейчас выберу «взять», то после завершения игры вся эта стопка будет моей  учитывая эти"
69277763-984e-48e9-a480-1a9d81b7bdc6,1,Пользователь_1,добрый,take,"
поскольку это первый раунд, стопки монет ещё не удвоились  поэтому нужно забрать стопку из четырёх монет, пока она больше другой  к тому же, мой оппонент испуганный — возможно, это повлияет на его решение в этом раунде и сделает такой выбор более выгодным для меня "
b58f7377-cc56-4209-b738-9506ff73517f,1,Пользователь_1,добрый,pass,"

поскольку это первый раунд, нет информации о предыдущих ходах оппонента и нет возможности оценить стратегию его игры  если увеличить количество монет в стопке, это усложнит принятие решения для соперника в следующих раундах  возможно, это даст преимущество "
b58f7377-cc56-4209-b738-9506ff73517f,2,Пользователь_2,испуганный,pass,"

испуганный игрок может не захотеть рисковать и брать большую стопку монет, боясь потерять её в случае проигрыша  но так как выбор зависит и от действий оппонента, важно учесть его текущее эмоциональное состояние  добрый игрок с большей вероятностью будет отдавать большую стопку монет своему оппоненту, что делает пасование более безопасным выбором для испуганного игрока на данном этапе игры "
b58f7377-cc56-4209-b738-9506ff73517f,3,Пользователь_1,добрый,take,"

у меня две стопки монет, у оппонента — одна  я могу забрать себе обе стопки и выиграть игру или продолжить пасовать, но тогда соперник может победить меня в следующем раунде  учитывая, что мой оппонент испуганный, я выбираю взять, чтобы увеличить свои шансы на выигрыш "
e4619356-2fa9-463a-906b-80000c545833,1,Пользователь_1,добрый,take,"

исходя из правил игры, при наличии выбора между «взять» и «пас», следует выбрать «взять», так как это действие может привести к победе в игре и получению большей суммы монет  в условиях задачи нет информации о том, что у игрока есть дополнительные мотивы для передачи монет сопернику "
a4331919-7654-4da3-8ed3-20a24bada61d,1,Иннокентий,гнев,take,"

так как первый ход игры, стопки монет маленькие, а после передачи через стол количество монет удвоится, то в случае успешного продолжения игры можно выиграть больше монет  кроме того, выбор «взять» может быть обусловлен состоянием гнева — возможно, оно повлияет на решение оппонента и исход игры "
f715d9b5-81d8-4f85-95ec-c27497df1c6a,1,Иннокентий,радостный,take,"

эмоциональное состояние «радостный» может говорить о желании рисковать, пробовать новое и стремиться к цели  вероятно, в данной ситуации, имея преимущество в виде большей стопки монет на первом ходу, есть смысл взять её себе, чтобы не рисковать увеличением преимущества оппонента и попытаться завершить игру быстрее "
c664e743-28e1-4376-a891-8962550d6fa0,1,Иннокентий,отвращение,pass,"

в начале игры у меня две стопки монет: 4 и 1 монета  в любом случае, на текущем этапе игры мой оппонент получит преимущество: если я выберу «взять», он сможет забрать у меня одну из стопок, а если я выберу «пас» — стопки удвоятся, что также будет выгодно оппоненту 

учитывая моё текущее эмоциональное состояние (отвращение), возможно, я захочу усложнить игру для оппонента  кроме того,"
c664e743-28e1-4376-a891-8962550d6fa0,2,Василиск,радостный,take,"

это наилучший выбор для первого хода, поскольку позволяет сразу получить стопку из четырёх монет и занять активную позицию в игре "
f4f074a7-7d3f-4748-9d7a-3b3551671da6,1,Иннокентий,радостный,take,"

в начале игры у меня две стопки монет: 4 и 1  если я выберу «взять», то заберу себе большую стопку, оставив сопернику стопку из одной монеты  при этом мои шансы на выигрыш в первом раунде будут выше, чем при выборе «пас»  это соответствует моему эмоциональному состоянию (радость) и условиям игры (стремление заработать как можно больше) "
ea4c5b84-8bb4-4075-bde0-56d07a0f7785,1,Иннокентий,грустный,pass,"

поскольку это первый раунд, выгоднее увеличить количество монет в обеих стопках и усложнить выбор оппоненту "
ea4c5b84-8bb4-4075-bde0-56d07a0f7785,2,Василиск,грустный,pass,"

предположим, что василиск выбирает «пас» в первом раунде  тогда у обоих игроков оказывается по одной стопке монет: у иннокентия четыре монеты, а у василиска одна монета  поскольку василиск грустный, он может посчитать, что шансы выиграть игру невелики, и не станет рисковать, выбирая «взять» "
ea4c5b84-8bb4-4075-bde0-56d07a0f7785,3,Иннокентий,грустный,pass,"

в соответствии с правилами игры в третьем раунде можно либо взять большую стопку, либо спасовать  поскольку раунд только третий из десяти, количество монет в каждой стопке невелико — по 2 и 4 монеты соответственно  

иннокентий может предположить, что его оппонент василиск в такой ситуации не станет забирать себе всю большую стопку и оставит себе меньшую  в таком случае есть вероятность заработать больше монет  если иннокентий будет грустным в момент принятия"
ea4c5b84-8bb4-4075-bde0-56d07a0f7785,4,Василиск,грустный,take,"

грустный василиск может захотеть быстрее завершить игру, чтобы улучшить своё эмоциональное состояние  для этого нужно забрать большую стопку монет и завершить игру  если грустный василиск решит пасовать, то игра продлится ещё на один раунд "
